file_path,emotion,source,label
datasets/emo135_images/image_emo_0000.png,worry,emo135,11
datasets/emo135_images/image_emo_0001.png,affection,emo135,0
/Users/yaseenshaikh/Desktop/IEEE Research/datasets/ck_images/ck_image_912.png,surprise,ck+,10
datasets/emo135_images/image_emo_0002.png,frustration,emo135,7
datasets/emo135_images/image_emo_0003.png,frustration,emo135,7
datasets/emo135_images/image_emo_0004.png,worry,emo135,11
datasets/emo135_images/image_emo_0005.png,amazement,emo135,1
/Users/yaseenshaikh/Desktop/IEEE Research/datasets/ck_images/ck_image_596.png,happiness,ck+,8
datasets/emo135_images/image_emo_0006.png,worry,emo135,11
datasets/emo135_images/image_emo_0007.png,frustration,emo135,7
datasets/emo135_images/image_emo_0008.png,amazement,emo135,1
datasets/emo135_images/image_emo_0009.png,worry,emo135,11
/Users/yaseenshaikh/Desktop/IEEE Research/datasets/ck_images/ck_image_311.png,contempt,ck+,3
/Users/yaseenshaikh/Desktop/IEEE Research/datasets/ck_images/ck_image_208.png,contempt,ck+,3
/Users/yaseenshaikh/Desktop/IEEE Research/datasets/ck_images/ck_image_806.png,sadness,ck+,9
datasets/emo135_images/image_emo_0010.png,frustration,emo135,7
/Users/yaseenshaikh/Desktop/IEEE Research/datasets/ck_images/ck_image_720.png,anger,ck+,2
datasets/emo135_images/image_emo_0011.png,affection,emo135,0
datasets/emo135_images/image_emo_0012.png,contentment,emo135,4
/Users/yaseenshaikh/Desktop/IEEE Research/datasets/ck_images/ck_image_793.png,sadness,ck+,9
/Users/yaseenshaikh/Desktop/IEEE Research/datasets/ck_images/ck_image_817.png,fear,ck+,6
/Users/yaseenshaikh/Desktop/IEEE Research/datasets/ck_images/ck_image_623.png,happiness,ck+,8
datasets/emo135_images/image_emo_0013.png,affection,emo135,0
datasets/emo135_images/image_emo_0014.png,affection,emo135,0
datasets/emo135_images/image_emo_0015.png,worry,emo135,11
/Users/yaseenshaikh/Desktop/IEEE Research/datasets/ck_images/ck_image_871.png,surprise,ck+,10
datasets/emo135_images/image_emo_0016.png,contentment,emo135,4
datasets/emo135_images/image_emo_0017.png,contentment,emo135,4
/Users/yaseenshaikh/Desktop/IEEE Research/datasets/ck_images/ck_image_784.png,sadness,ck+,9
/Users/yaseenshaikh/Desktop/IEEE Research/datasets/ck_images/ck_image_724.png,anger,ck+,2
datasets/emo135_images/image_emo_0018.png,affection,emo135,0
/Users/yaseenshaikh/Desktop/IEEE Research/datasets/ck_images/ck_image_816.png,fear,ck+,6
datasets/emo135_images/image_emo_0019.png,contentment,emo135,4
/Users/yaseenshaikh/Desktop/IEEE Research/datasets/ck_images/ck_image_846.png,surprise,ck+,10
datasets/emo135_images/image_emo_0020.png,contentment,emo135,4
datasets/emo135_images/image_emo_0021.png,contentment,emo135,4
/Users/yaseenshaikh/Desktop/IEEE Research/datasets/ck_images/ck_image_680.png,anger,ck+,2
/Users/yaseenshaikh/Desktop/IEEE Research/datasets/ck_images/ck_image_906.png,surprise,ck+,10
datasets/emo135_images/image_emo_0022.png,amazement,emo135,1
/Users/yaseenshaikh/Desktop/IEEE Research/datasets/ck_images/ck_image_824.png,fear,ck+,6
/Users/yaseenshaikh/Desktop/IEEE Research/datasets/ck_images/ck_image_845.png,surprise,ck+,10
/Users/yaseenshaikh/Desktop/IEEE Research/datasets/ck_images/ck_image_261.png,contempt,ck+,3
/Users/yaseenshaikh/Desktop/IEEE Research/datasets/ck_images/ck_image_367.png,contempt,ck+,3
datasets/emo135_images/image_emo_0023.png,frustration,emo135,7
/Users/yaseenshaikh/Desktop/IEEE Research/datasets/ck_images/ck_image_603.png,happiness,ck+,8
/Users/yaseenshaikh/Desktop/IEEE Research/datasets/ck_images/ck_image_786.png,sadness,ck+,9
/Users/yaseenshaikh/Desktop/IEEE Research/datasets/ck_images/ck_image_212.png,contempt,ck+,3
/Users/yaseenshaikh/Desktop/IEEE Research/datasets/ck_images/ck_image_919.png,surprise,ck+,10
/Users/yaseenshaikh/Desktop/IEEE Research/datasets/ck_images/ck_image_866.png,surprise,ck+,10
datasets/emo135_images/image_emo_0024.png,frustration,emo135,7
datasets/emo135_images/image_emo_0025.png,contentment,emo135,4
datasets/emo135_images/image_emo_0026.png,affection,emo135,0
datasets/emo135_images/image_emo_0027.png,amazement,emo135,1
/Users/yaseenshaikh/Desktop/IEEE Research/datasets/ck_images/ck_image_610.png,happiness,ck+,8
/Users/yaseenshaikh/Desktop/IEEE Research/datasets/ck_images/ck_image_338.png,contempt,ck+,3
/Users/yaseenshaikh/Desktop/IEEE Research/datasets/ck_images/ck_image_148.png,contempt,ck+,3
/Users/yaseenshaikh/Desktop/IEEE Research/datasets/ck_images/ck_image_104.png,contempt,ck+,3
datasets/emo135_images/image_emo_0028.png,frustration,emo135,7
datasets/emo135_images/image_emo_0029.png,amazement,emo135,1
datasets/emo135_images/image_emo_0030.png,worry,emo135,11
/Users/yaseenshaikh/Desktop/IEEE Research/datasets/ck_images/ck_image_718.png,anger,ck+,2
datasets/emo135_images/image_emo_0031.png,frustration,emo135,7
datasets/emo135_images/image_emo_0032.png,amazement,emo135,1
/Users/yaseenshaikh/Desktop/IEEE Research/datasets/ck_images/ck_image_649.png,happiness,ck+,8
/Users/yaseenshaikh/Desktop/IEEE Research/datasets/ck_images/ck_image_755.png,disgust,ck+,5
datasets/emo135_images/image_emo_0033.png,worry,emo135,11
datasets/emo135_images/image_emo_0034.png,affection,emo135,0
datasets/emo135_images/image_emo_0035.png,worry,emo135,11
/Users/yaseenshaikh/Desktop/IEEE Research/datasets/ck_images/ck_image_890.png,surprise,ck+,10
datasets/emo135_images/image_emo_0036.png,affection,emo135,0
datasets/emo135_images/image_emo_0037.png,frustration,emo135,7
datasets/emo135_images/image_emo_0038.png,amazement,emo135,1
datasets/emo135_images/image_emo_0039.png,frustration,emo135,7
/Users/yaseenshaikh/Desktop/IEEE Research/datasets/ck_images/ck_image_811.png,sadness,ck+,9
datasets/emo135_images/image_emo_0040.png,affection,emo135,0
datasets/emo135_images/image_emo_0041.png,worry,emo135,11
/Users/yaseenshaikh/Desktop/IEEE Research/datasets/ck_images/ck_image_604.png,happiness,ck+,8
datasets/emo135_images/image_emo_0042.png,frustration,emo135,7
/Users/yaseenshaikh/Desktop/IEEE Research/datasets/ck_images/ck_image_451.png,contempt,ck+,3
datasets/emo135_images/image_emo_0043.png,affection,emo135,0
/Users/yaseenshaikh/Desktop/IEEE Research/datasets/ck_images/ck_image_732.png,disgust,ck+,5
/Users/yaseenshaikh/Desktop/IEEE Research/datasets/ck_images/ck_image_645.png,happiness,ck+,8
/Users/yaseenshaikh/Desktop/IEEE Research/datasets/ck_images/ck_image_244.png,contempt,ck+,3
/Users/yaseenshaikh/Desktop/IEEE Research/datasets/ck_images/ck_image_447.png,contempt,ck+,3
/Users/yaseenshaikh/Desktop/IEEE Research/datasets/ck_images/ck_image_837.png,surprise,ck+,10
/Users/yaseenshaikh/Desktop/IEEE Research/datasets/ck_images/ck_image_648.png,happiness,ck+,8
datasets/emo135_images/image_emo_0044.png,affection,emo135,0
/Users/yaseenshaikh/Desktop/IEEE Research/datasets/ck_images/ck_image_581.png,contempt,ck+,3
datasets/emo135_images/image_emo_0045.png,contentment,emo135,4
/Users/yaseenshaikh/Desktop/IEEE Research/datasets/ck_images/ck_image_640.png,happiness,ck+,8
datasets/emo135_images/image_emo_0046.png,contentment,emo135,4
/Users/yaseenshaikh/Desktop/IEEE Research/datasets/ck_images/ck_image_632.png,happiness,ck+,8
/Users/yaseenshaikh/Desktop/IEEE Research/datasets/ck_images/ck_image_809.png,sadness,ck+,9
datasets/emo135_images/image_emo_0047.png,affection,emo135,0
datasets/emo135_images/image_emo_0048.png,amazement,emo135,1
datasets/emo135_images/image_emo_0049.png,worry,emo135,11
/Users/yaseenshaikh/Desktop/IEEE Research/datasets/ck_images/ck_image_73.png,contempt,ck+,3
/Users/yaseenshaikh/Desktop/IEEE Research/datasets/ck_images/ck_image_634.png,happiness,ck+,8
/Users/yaseenshaikh/Desktop/IEEE Research/datasets/ck_images/ck_image_807.png,sadness,ck+,9
/Users/yaseenshaikh/Desktop/IEEE Research/datasets/ck_images/ck_image_780.png,disgust,ck+,5
/Users/yaseenshaikh/Desktop/IEEE Research/datasets/ck_images/ck_image_831.png,fear,ck+,6
/Users/yaseenshaikh/Desktop/IEEE Research/datasets/ck_images/ck_image_869.png,surprise,ck+,10
datasets/emo135_images/image_emo_0050.png,worry,emo135,11
/Users/yaseenshaikh/Desktop/IEEE Research/datasets/ck_images/ck_image_893.png,surprise,ck+,10
datasets/emo135_images/image_emo_0051.png,amazement,emo135,1
datasets/emo135_images/image_emo_0052.png,worry,emo135,11
datasets/emo135_images/image_emo_0053.png,amazement,emo135,1
datasets/emo135_images/image_emo_0054.png,frustration,emo135,7
datasets/emo135_images/image_emo_0055.png,amazement,emo135,1
/Users/yaseenshaikh/Desktop/IEEE Research/datasets/ck_images/ck_image_813.png,fear,ck+,6
/Users/yaseenshaikh/Desktop/IEEE Research/datasets/ck_images/ck_image_613.png,happiness,ck+,8
/Users/yaseenshaikh/Desktop/IEEE Research/datasets/ck_images/ck_image_825.png,fear,ck+,6
datasets/emo135_images/image_emo_0056.png,contentment,emo135,4
/Users/yaseenshaikh/Desktop/IEEE Research/datasets/ck_images/ck_image_622.png,happiness,ck+,8
datasets/emo135_images/image_emo_0057.png,frustration,emo135,7
datasets/emo135_images/image_emo_0058.png,amazement,emo135,1
datasets/emo135_images/image_emo_0059.png,amazement,emo135,1
datasets/emo135_images/image_emo_0060.png,worry,emo135,11
/Users/yaseenshaikh/Desktop/IEEE Research/datasets/ck_images/ck_image_10.png,contempt,ck+,3
datasets/emo135_images/image_emo_0061.png,frustration,emo135,7
/Users/yaseenshaikh/Desktop/IEEE Research/datasets/ck_images/ck_image_211.png,contempt,ck+,3
/Users/yaseenshaikh/Desktop/IEEE Research/datasets/ck_images/ck_image_865.png,surprise,ck+,10
datasets/emo135_images/image_emo_0062.png,contentment,emo135,4
datasets/emo135_images/image_emo_0063.png,amazement,emo135,1
/Users/yaseenshaikh/Desktop/IEEE Research/datasets/ck_images/ck_image_654.png,happiness,ck+,8
/Users/yaseenshaikh/Desktop/IEEE Research/datasets/ck_images/ck_image_841.png,surprise,ck+,10
/Users/yaseenshaikh/Desktop/IEEE Research/datasets/ck_images/ck_image_534.png,contempt,ck+,3
/Users/yaseenshaikh/Desktop/IEEE Research/datasets/ck_images/ck_image_773.png,disgust,ck+,5
/Users/yaseenshaikh/Desktop/IEEE Research/datasets/ck_images/ck_image_823.png,fear,ck+,6
/Users/yaseenshaikh/Desktop/IEEE Research/datasets/ck_images/ck_image_749.png,disgust,ck+,5
/Users/yaseenshaikh/Desktop/IEEE Research/datasets/ck_images/ck_image_785.png,sadness,ck+,9
datasets/emo135_images/image_emo_0064.png,contentment,emo135,4
datasets/emo135_images/image_emo_0065.png,affection,emo135,0
datasets/emo135_images/image_emo_0066.png,affection,emo135,0
/Users/yaseenshaikh/Desktop/IEEE Research/datasets/ck_images/ck_image_432.png,contempt,ck+,3
/Users/yaseenshaikh/Desktop/IEEE Research/datasets/ck_images/ck_image_883.png,surprise,ck+,10
datasets/emo135_images/image_emo_0067.png,contentment,emo135,4
datasets/emo135_images/image_emo_0068.png,contentment,emo135,4
/Users/yaseenshaikh/Desktop/IEEE Research/datasets/ck_images/ck_image_798.png,sadness,ck+,9
datasets/emo135_images/image_emo_0069.png,worry,emo135,11
/Users/yaseenshaikh/Desktop/IEEE Research/datasets/ck_images/ck_image_840.png,surprise,ck+,10
/Users/yaseenshaikh/Desktop/IEEE Research/datasets/ck_images/ck_image_789.png,sadness,ck+,9
/Users/yaseenshaikh/Desktop/IEEE Research/datasets/ck_images/ck_image_184.png,contempt,ck+,3
datasets/emo135_images/image_emo_0070.png,contentment,emo135,4
datasets/emo135_images/image_emo_0071.png,contentment,emo135,4
datasets/emo135_images/image_emo_0072.png,frustration,emo135,7
/Users/yaseenshaikh/Desktop/IEEE Research/datasets/ck_images/ck_image_655.png,happiness,ck+,8
datasets/emo135_images/image_emo_0073.png,worry,emo135,11
/Users/yaseenshaikh/Desktop/IEEE Research/datasets/ck_images/ck_image_792.png,sadness,ck+,9
datasets/emo135_images/image_emo_0074.png,affection,emo135,0
/Users/yaseenshaikh/Desktop/IEEE Research/datasets/ck_images/ck_image_714.png,anger,ck+,2
/Users/yaseenshaikh/Desktop/IEEE Research/datasets/ck_images/ck_image_701.png,anger,ck+,2
datasets/emo135_images/image_emo_0075.png,contentment,emo135,4
datasets/emo135_images/image_emo_0076.png,affection,emo135,0
datasets/emo135_images/image_emo_0077.png,amazement,emo135,1
datasets/emo135_images/image_emo_0078.png,worry,emo135,11
/Users/yaseenshaikh/Desktop/IEEE Research/datasets/ck_images/ck_image_181.png,contempt,ck+,3
/Users/yaseenshaikh/Desktop/IEEE Research/datasets/ck_images/ck_image_196.png,contempt,ck+,3
/Users/yaseenshaikh/Desktop/IEEE Research/datasets/ck_images/ck_image_901.png,surprise,ck+,10
/Users/yaseenshaikh/Desktop/IEEE Research/datasets/ck_images/ck_image_821.png,fear,ck+,6
/Users/yaseenshaikh/Desktop/IEEE Research/datasets/ck_images/ck_image_137.png,contempt,ck+,3
/Users/yaseenshaikh/Desktop/IEEE Research/datasets/ck_images/ck_image_867.png,surprise,ck+,10
datasets/emo135_images/image_emo_0079.png,affection,emo135,0
/Users/yaseenshaikh/Desktop/IEEE Research/datasets/ck_images/ck_image_624.png,happiness,ck+,8
datasets/emo135_images/image_emo_0080.png,amazement,emo135,1
datasets/emo135_images/image_emo_0081.png,worry,emo135,11
datasets/emo135_images/image_emo_0082.png,amazement,emo135,1
/Users/yaseenshaikh/Desktop/IEEE Research/datasets/ck_images/ck_image_721.png,anger,ck+,2
/Users/yaseenshaikh/Desktop/IEEE Research/datasets/ck_images/ck_image_177.png,contempt,ck+,3
datasets/emo135_images/image_emo_0083.png,amazement,emo135,1
datasets/emo135_images/image_emo_0084.png,amazement,emo135,1
/Users/yaseenshaikh/Desktop/IEEE Research/datasets/ck_images/ck_image_859.png,surprise,ck+,10
datasets/emo135_images/image_emo_0085.png,contentment,emo135,4
/Users/yaseenshaikh/Desktop/IEEE Research/datasets/ck_images/ck_image_591.png,contempt,ck+,3
datasets/emo135_images/image_emo_0086.png,frustration,emo135,7
datasets/emo135_images/image_emo_0087.png,frustration,emo135,7
datasets/emo135_images/image_emo_0088.png,amazement,emo135,1
datasets/emo135_images/image_emo_0089.png,worry,emo135,11
datasets/emo135_images/image_emo_0090.png,frustration,emo135,7
/Users/yaseenshaikh/Desktop/IEEE Research/datasets/ck_images/ck_image_709.png,anger,ck+,2
/Users/yaseenshaikh/Desktop/IEEE Research/datasets/ck_images/ck_image_238.png,contempt,ck+,3
/Users/yaseenshaikh/Desktop/IEEE Research/datasets/ck_images/ck_image_686.png,anger,ck+,2
datasets/emo135_images/image_emo_0091.png,contentment,emo135,4
/Users/yaseenshaikh/Desktop/IEEE Research/datasets/ck_images/ck_image_627.png,happiness,ck+,8
datasets/emo135_images/image_emo_0092.png,worry,emo135,11
datasets/emo135_images/image_emo_0093.png,frustration,emo135,7
datasets/emo135_images/image_emo_0094.png,amazement,emo135,1
/Users/yaseenshaikh/Desktop/IEEE Research/datasets/ck_images/ck_image_39.png,contempt,ck+,3
datasets/emo135_images/image_emo_0095.png,frustration,emo135,7
/Users/yaseenshaikh/Desktop/IEEE Research/datasets/ck_images/ck_image_791.png,sadness,ck+,9
/Users/yaseenshaikh/Desktop/IEEE Research/datasets/ck_images/ck_image_681.png,anger,ck+,2
/Users/yaseenshaikh/Desktop/IEEE Research/datasets/ck_images/ck_image_298.png,contempt,ck+,3
/Users/yaseenshaikh/Desktop/IEEE Research/datasets/ck_images/ck_image_607.png,happiness,ck+,8
datasets/emo135_images/image_emo_0096.png,amazement,emo135,1
datasets/emo135_images/image_emo_0097.png,affection,emo135,0
/Users/yaseenshaikh/Desktop/IEEE Research/datasets/ck_images/ck_image_783.png,disgust,ck+,5
datasets/emo135_images/image_emo_0098.png,amazement,emo135,1
/Users/yaseenshaikh/Desktop/IEEE Research/datasets/ck_images/ck_image_72.png,contempt,ck+,3
/Users/yaseenshaikh/Desktop/IEEE Research/datasets/ck_images/ck_image_879.png,surprise,ck+,10
/Users/yaseenshaikh/Desktop/IEEE Research/datasets/ck_images/ck_image_878.png,surprise,ck+,10
datasets/emo135_images/image_emo_0099.png,worry,emo135,11
datasets/emo135_images/image_emo_0100.png,affection,emo135,0
datasets/emo135_images/image_emo_0101.png,frustration,emo135,7
/Users/yaseenshaikh/Desktop/IEEE Research/datasets/ck_images/ck_image_820.png,fear,ck+,6
datasets/emo135_images/image_emo_0102.png,contentment,emo135,4
datasets/emo135_images/image_emo_0103.png,contentment,emo135,4
/Users/yaseenshaikh/Desktop/IEEE Research/datasets/ck_images/ck_image_614.png,happiness,ck+,8
datasets/emo135_images/image_emo_0104.png,worry,emo135,11
datasets/emo135_images/image_emo_0105.png,amazement,emo135,1
/Users/yaseenshaikh/Desktop/IEEE Research/datasets/ck_images/ck_image_862.png,surprise,ck+,10
datasets/emo135_images/image_emo_0106.png,worry,emo135,11
datasets/emo135_images/image_emo_0107.png,worry,emo135,11
datasets/emo135_images/image_emo_0108.png,frustration,emo135,7
datasets/emo135_images/image_emo_0109.png,frustration,emo135,7
datasets/emo135_images/image_emo_0110.png,amazement,emo135,1
datasets/emo135_images/image_emo_0111.png,affection,emo135,0
/Users/yaseenshaikh/Desktop/IEEE Research/datasets/ck_images/ck_image_595.png,happiness,ck+,8
/Users/yaseenshaikh/Desktop/IEEE Research/datasets/ck_images/ck_image_903.png,surprise,ck+,10
datasets/emo135_images/image_emo_0112.png,amazement,emo135,1
datasets/emo135_images/image_emo_0113.png,frustration,emo135,7
datasets/emo135_images/image_emo_0114.png,contentment,emo135,4
/Users/yaseenshaikh/Desktop/IEEE Research/datasets/ck_images/ck_image_692.png,anger,ck+,2
datasets/emo135_images/image_emo_0115.png,frustration,emo135,7
/Users/yaseenshaikh/Desktop/IEEE Research/datasets/ck_images/ck_image_774.png,disgust,ck+,5
/Users/yaseenshaikh/Desktop/IEEE Research/datasets/ck_images/ck_image_909.png,surprise,ck+,10
datasets/emo135_images/image_emo_0116.png,amazement,emo135,1
/Users/yaseenshaikh/Desktop/IEEE Research/datasets/ck_images/ck_image_6.png,contempt,ck+,3
/Users/yaseenshaikh/Desktop/IEEE Research/datasets/ck_images/ck_image_767.png,disgust,ck+,5
datasets/emo135_images/image_emo_0117.png,contentment,emo135,4
datasets/emo135_images/image_emo_0118.png,affection,emo135,0
/Users/yaseenshaikh/Desktop/IEEE Research/datasets/ck_images/ck_image_795.png,sadness,ck+,9
datasets/emo135_images/image_emo_0119.png,frustration,emo135,7
datasets/emo135_images/image_emo_0120.png,contentment,emo135,4
datasets/emo135_images/image_emo_0121.png,frustration,emo135,7
datasets/emo135_images/image_emo_0122.png,frustration,emo135,7
datasets/emo135_images/image_emo_0123.png,affection,emo135,0
/Users/yaseenshaikh/Desktop/IEEE Research/datasets/ck_images/ck_image_706.png,anger,ck+,2
datasets/emo135_images/image_emo_0124.png,affection,emo135,0
datasets/emo135_images/image_emo_0125.png,worry,emo135,11
datasets/emo135_images/image_emo_0126.png,affection,emo135,0
datasets/emo135_images/image_emo_0127.png,worry,emo135,11
/Users/yaseenshaikh/Desktop/IEEE Research/datasets/ck_images/ck_image_756.png,disgust,ck+,5
datasets/emo135_images/image_emo_0128.png,amazement,emo135,1
datasets/emo135_images/image_emo_0129.png,worry,emo135,11
datasets/emo135_images/image_emo_0130.png,contentment,emo135,4
datasets/emo135_images/image_emo_0131.png,amazement,emo135,1
datasets/emo135_images/image_emo_0132.png,affection,emo135,0
datasets/emo135_images/image_emo_0133.png,frustration,emo135,7
datasets/emo135_images/image_emo_0134.png,affection,emo135,0
datasets/emo135_images/image_emo_0135.png,amazement,emo135,1
datasets/emo135_images/image_emo_0136.png,contentment,emo135,4
/Users/yaseenshaikh/Desktop/IEEE Research/datasets/ck_images/ck_image_905.png,surprise,ck+,10
/Users/yaseenshaikh/Desktop/IEEE Research/datasets/ck_images/ck_image_850.png,surprise,ck+,10
datasets/emo135_images/image_emo_0137.png,amazement,emo135,1
datasets/emo135_images/image_emo_0138.png,amazement,emo135,1
datasets/emo135_images/image_emo_0139.png,contentment,emo135,4
/Users/yaseenshaikh/Desktop/IEEE Research/datasets/ck_images/ck_image_834.png,fear,ck+,6
/Users/yaseenshaikh/Desktop/IEEE Research/datasets/ck_images/ck_image_287.png,contempt,ck+,3
/Users/yaseenshaikh/Desktop/IEEE Research/datasets/ck_images/ck_image_738.png,disgust,ck+,5
/Users/yaseenshaikh/Desktop/IEEE Research/datasets/ck_images/ck_image_888.png,surprise,ck+,10
/Users/yaseenshaikh/Desktop/IEEE Research/datasets/ck_images/ck_image_857.png,surprise,ck+,10
datasets/emo135_images/image_emo_0140.png,affection,emo135,0
/Users/yaseenshaikh/Desktop/IEEE Research/datasets/ck_images/ck_image_894.png,surprise,ck+,10
datasets/emo135_images/image_emo_0141.png,worry,emo135,11
/Users/yaseenshaikh/Desktop/IEEE Research/datasets/ck_images/ck_image_531.png,contempt,ck+,3
datasets/emo135_images/image_emo_0142.png,affection,emo135,0
datasets/emo135_images/image_emo_0143.png,amazement,emo135,1
/Users/yaseenshaikh/Desktop/IEEE Research/datasets/ck_images/ck_image_876.png,surprise,ck+,10
datasets/emo135_images/image_emo_0144.png,amazement,emo135,1
datasets/emo135_images/image_emo_0145.png,contentment,emo135,4
datasets/emo135_images/image_emo_0146.png,contentment,emo135,4
datasets/emo135_images/image_emo_0147.png,affection,emo135,0
datasets/emo135_images/image_emo_0148.png,affection,emo135,0
/Users/yaseenshaikh/Desktop/IEEE Research/datasets/ck_images/ck_image_863.png,surprise,ck+,10
datasets/emo135_images/image_emo_0149.png,amazement,emo135,1
/Users/yaseenshaikh/Desktop/IEEE Research/datasets/ck_images/ck_image_751.png,disgust,ck+,5
datasets/emo135_images/image_emo_0150.png,affection,emo135,0
datasets/emo135_images/image_emo_0151.png,affection,emo135,0
datasets/emo135_images/image_emo_0152.png,worry,emo135,11
/Users/yaseenshaikh/Desktop/IEEE Research/datasets/ck_images/ck_image_493.png,contempt,ck+,3
datasets/emo135_images/image_emo_0153.png,worry,emo135,11
/Users/yaseenshaikh/Desktop/IEEE Research/datasets/ck_images/ck_image_765.png,disgust,ck+,5
datasets/emo135_images/image_emo_0154.png,affection,emo135,0
datasets/emo135_images/image_emo_0155.png,worry,emo135,11
/Users/yaseenshaikh/Desktop/IEEE Research/datasets/ck_images/ck_image_131.png,contempt,ck+,3
/Users/yaseenshaikh/Desktop/IEEE Research/datasets/ck_images/ck_image_192.png,contempt,ck+,3
datasets/emo135_images/image_emo_0156.png,frustration,emo135,7
datasets/emo135_images/image_emo_0157.png,frustration,emo135,7
/Users/yaseenshaikh/Desktop/IEEE Research/datasets/ck_images/ck_image_79.png,contempt,ck+,3
/Users/yaseenshaikh/Desktop/IEEE Research/datasets/ck_images/ck_image_744.png,disgust,ck+,5
/Users/yaseenshaikh/Desktop/IEEE Research/datasets/ck_images/ck_image_713.png,anger,ck+,2
datasets/emo135_images/image_emo_0158.png,worry,emo135,11
/Users/yaseenshaikh/Desktop/IEEE Research/datasets/ck_images/ck_image_735.png,disgust,ck+,5
/Users/yaseenshaikh/Desktop/IEEE Research/datasets/ck_images/ck_image_810.png,sadness,ck+,9
datasets/emo135_images/image_emo_0159.png,amazement,emo135,1
/Users/yaseenshaikh/Desktop/IEEE Research/datasets/ck_images/ck_image_740.png,disgust,ck+,5
datasets/emo135_images/image_emo_0160.png,amazement,emo135,1
/Users/yaseenshaikh/Desktop/IEEE Research/datasets/ck_images/ck_image_554.png,contempt,ck+,3
/Users/yaseenshaikh/Desktop/IEEE Research/datasets/ck_images/ck_image_741.png,disgust,ck+,5
/Users/yaseenshaikh/Desktop/IEEE Research/datasets/ck_images/ck_image_684.png,anger,ck+,2
datasets/emo135_images/image_emo_0161.png,amazement,emo135,1
/Users/yaseenshaikh/Desktop/IEEE Research/datasets/ck_images/ck_image_897.png,surprise,ck+,10
/Users/yaseenshaikh/Desktop/IEEE Research/datasets/ck_images/ck_image_588.png,contempt,ck+,3
datasets/emo135_images/image_emo_0162.png,contentment,emo135,4
/Users/yaseenshaikh/Desktop/IEEE Research/datasets/ck_images/ck_image_889.png,surprise,ck+,10
datasets/emo135_images/image_emo_0163.png,affection,emo135,0
/Users/yaseenshaikh/Desktop/IEEE Research/datasets/ck_images/ck_image_725.png,disgust,ck+,5
/Users/yaseenshaikh/Desktop/IEEE Research/datasets/ck_images/ck_image_611.png,happiness,ck+,8
/Users/yaseenshaikh/Desktop/IEEE Research/datasets/ck_images/ck_image_829.png,fear,ck+,6
/Users/yaseenshaikh/Desktop/IEEE Research/datasets/ck_images/ck_image_864.png,surprise,ck+,10
datasets/emo135_images/image_emo_0164.png,affection,emo135,0
/Users/yaseenshaikh/Desktop/IEEE Research/datasets/ck_images/ck_image_83.png,contempt,ck+,3
datasets/emo135_images/image_emo_0165.png,amazement,emo135,1
/Users/yaseenshaikh/Desktop/IEEE Research/datasets/ck_images/ck_image_847.png,surprise,ck+,10
/Users/yaseenshaikh/Desktop/IEEE Research/datasets/ck_images/ck_image_726.png,disgust,ck+,5
/Users/yaseenshaikh/Desktop/IEEE Research/datasets/ck_images/ck_image_687.png,anger,ck+,2
datasets/emo135_images/image_emo_0166.png,frustration,emo135,7
/Users/yaseenshaikh/Desktop/IEEE Research/datasets/ck_images/ck_image_70.png,contempt,ck+,3
datasets/emo135_images/image_emo_0167.png,affection,emo135,0
/Users/yaseenshaikh/Desktop/IEEE Research/datasets/ck_images/ck_image_29.png,contempt,ck+,3
datasets/emo135_images/image_emo_0168.png,frustration,emo135,7
datasets/emo135_images/image_emo_0169.png,worry,emo135,11
datasets/emo135_images/image_emo_0170.png,amazement,emo135,1
/Users/yaseenshaikh/Desktop/IEEE Research/datasets/ck_images/ck_image_710.png,anger,ck+,2
/Users/yaseenshaikh/Desktop/IEEE Research/datasets/ck_images/ck_image_891.png,surprise,ck+,10
datasets/emo135_images/image_emo_0171.png,contentment,emo135,4
datasets/emo135_images/image_emo_0172.png,affection,emo135,0
/Users/yaseenshaikh/Desktop/IEEE Research/datasets/ck_images/ck_image_301.png,contempt,ck+,3
datasets/emo135_images/image_emo_0173.png,frustration,emo135,7
datasets/emo135_images/image_emo_0174.png,worry,emo135,11
datasets/emo135_images/image_emo_0175.png,worry,emo135,11
/Users/yaseenshaikh/Desktop/IEEE Research/datasets/ck_images/ck_image_642.png,happiness,ck+,8
datasets/emo135_images/image_emo_0176.png,affection,emo135,0
datasets/emo135_images/image_emo_0177.png,contentment,emo135,4
datasets/emo135_images/image_emo_0178.png,contentment,emo135,4
/Users/yaseenshaikh/Desktop/IEEE Research/datasets/ck_images/ck_image_856.png,surprise,ck+,10
/Users/yaseenshaikh/Desktop/IEEE Research/datasets/ck_images/ck_image_689.png,anger,ck+,2
datasets/emo135_images/image_emo_0179.png,contentment,emo135,4
datasets/emo135_images/image_emo_0180.png,amazement,emo135,1
datasets/emo135_images/image_emo_0181.png,amazement,emo135,1
/Users/yaseenshaikh/Desktop/IEEE Research/datasets/ck_images/ck_image_577.png,contempt,ck+,3
/Users/yaseenshaikh/Desktop/IEEE Research/datasets/ck_images/ck_image_353.png,contempt,ck+,3
/Users/yaseenshaikh/Desktop/IEEE Research/datasets/ck_images/ck_image_660.png,happiness,ck+,8
/Users/yaseenshaikh/Desktop/IEEE Research/datasets/ck_images/ck_image_630.png,happiness,ck+,8
/Users/yaseenshaikh/Desktop/IEEE Research/datasets/ck_images/ck_image_854.png,surprise,ck+,10
datasets/emo135_images/image_emo_0182.png,amazement,emo135,1
/Users/yaseenshaikh/Desktop/IEEE Research/datasets/ck_images/ck_image_712.png,anger,ck+,2
/Users/yaseenshaikh/Desktop/IEEE Research/datasets/ck_images/ck_image_762.png,disgust,ck+,5
/Users/yaseenshaikh/Desktop/IEEE Research/datasets/ck_images/ck_image_917.png,surprise,ck+,10
datasets/emo135_images/image_emo_0183.png,worry,emo135,11
/Users/yaseenshaikh/Desktop/IEEE Research/datasets/ck_images/ck_image_836.png,fear,ck+,6
datasets/emo135_images/image_emo_0184.png,amazement,emo135,1
datasets/emo135_images/image_emo_0185.png,contentment,emo135,4
datasets/emo135_images/image_emo_0186.png,frustration,emo135,7
datasets/emo135_images/image_emo_0187.png,contentment,emo135,4
datasets/emo135_images/image_emo_0188.png,amazement,emo135,1
datasets/emo135_images/image_emo_0189.png,amazement,emo135,1
/Users/yaseenshaikh/Desktop/IEEE Research/datasets/ck_images/ck_image_781.png,disgust,ck+,5
datasets/emo135_images/image_emo_0190.png,frustration,emo135,7
datasets/emo135_images/image_emo_0191.png,affection,emo135,0
datasets/emo135_images/image_emo_0192.png,worry,emo135,11
/Users/yaseenshaikh/Desktop/IEEE Research/datasets/ck_images/ck_image_779.png,disgust,ck+,5
/Users/yaseenshaikh/Desktop/IEEE Research/datasets/ck_images/ck_image_639.png,happiness,ck+,8
datasets/emo135_images/image_emo_0193.png,amazement,emo135,1
datasets/emo135_images/image_emo_0194.png,frustration,emo135,7
/Users/yaseenshaikh/Desktop/IEEE Research/datasets/ck_images/ck_image_2.png,contempt,ck+,3
/Users/yaseenshaikh/Desktop/IEEE Research/datasets/ck_images/ck_image_364.png,contempt,ck+,3
datasets/emo135_images/image_emo_0195.png,amazement,emo135,1
datasets/emo135_images/image_emo_0196.png,affection,emo135,0
/Users/yaseenshaikh/Desktop/IEEE Research/datasets/ck_images/ck_image_176.png,contempt,ck+,3
/Users/yaseenshaikh/Desktop/IEEE Research/datasets/ck_images/ck_image_165.png,contempt,ck+,3
datasets/emo135_images/image_emo_0197.png,frustration,emo135,7
/Users/yaseenshaikh/Desktop/IEEE Research/datasets/ck_images/ck_image_555.png,contempt,ck+,3
datasets/emo135_images/image_emo_0198.png,amazement,emo135,1
/Users/yaseenshaikh/Desktop/IEEE Research/datasets/ck_images/ck_image_265.png,contempt,ck+,3
/Users/yaseenshaikh/Desktop/IEEE Research/datasets/ck_images/ck_image_886.png,surprise,ck+,10
datasets/emo135_images/image_emo_0199.png,worry,emo135,11
datasets/emo135_images/image_emo_0200.png,worry,emo135,11
datasets/emo135_images/image_emo_0201.png,worry,emo135,11
datasets/emo135_images/image_emo_0202.png,amazement,emo135,1
datasets/emo135_images/image_emo_0203.png,frustration,emo135,7
/Users/yaseenshaikh/Desktop/IEEE Research/datasets/ck_images/ck_image_584.png,contempt,ck+,3
/Users/yaseenshaikh/Desktop/IEEE Research/datasets/ck_images/ck_image_704.png,anger,ck+,2
datasets/emo135_images/image_emo_0204.png,amazement,emo135,1
/Users/yaseenshaikh/Desktop/IEEE Research/datasets/ck_images/ck_image_708.png,anger,ck+,2
/Users/yaseenshaikh/Desktop/IEEE Research/datasets/ck_images/ck_image_694.png,anger,ck+,2
/Users/yaseenshaikh/Desktop/IEEE Research/datasets/ck_images/ck_image_868.png,surprise,ck+,10
/Users/yaseenshaikh/Desktop/IEEE Research/datasets/ck_images/ck_image_769.png,disgust,ck+,5
datasets/emo135_images/image_emo_0205.png,frustration,emo135,7
datasets/emo135_images/image_emo_0206.png,amazement,emo135,1
datasets/emo135_images/image_emo_0207.png,worry,emo135,11
/Users/yaseenshaikh/Desktop/IEEE Research/datasets/ck_images/ck_image_549.png,contempt,ck+,3
/Users/yaseenshaikh/Desktop/IEEE Research/datasets/ck_images/ck_image_736.png,disgust,ck+,5
datasets/emo135_images/image_emo_0208.png,amazement,emo135,1
datasets/emo135_images/image_emo_0209.png,frustration,emo135,7
datasets/emo135_images/image_emo_0210.png,amazement,emo135,1
/Users/yaseenshaikh/Desktop/IEEE Research/datasets/ck_images/ck_image_766.png,disgust,ck+,5
datasets/emo135_images/image_emo_0211.png,amazement,emo135,1
datasets/emo135_images/image_emo_0212.png,contentment,emo135,4
datasets/emo135_images/image_emo_0213.png,frustration,emo135,7
datasets/emo135_images/image_emo_0214.png,contentment,emo135,4
/Users/yaseenshaikh/Desktop/IEEE Research/datasets/ck_images/ck_image_885.png,surprise,ck+,10
/Users/yaseenshaikh/Desktop/IEEE Research/datasets/ck_images/ck_image_638.png,happiness,ck+,8
datasets/emo135_images/image_emo_0215.png,affection,emo135,0
/Users/yaseenshaikh/Desktop/IEEE Research/datasets/ck_images/ck_image_849.png,surprise,ck+,10
datasets/emo135_images/image_emo_0216.png,amazement,emo135,1
/Users/yaseenshaikh/Desktop/IEEE Research/datasets/ck_images/ck_image_693.png,anger,ck+,2
/Users/yaseenshaikh/Desktop/IEEE Research/datasets/ck_images/ck_image_723.png,anger,ck+,2
datasets/emo135_images/image_emo_0217.png,affection,emo135,0
/Users/yaseenshaikh/Desktop/IEEE Research/datasets/ck_images/ck_image_643.png,happiness,ck+,8
datasets/emo135_images/image_emo_0218.png,worry,emo135,11
datasets/emo135_images/image_emo_0219.png,amazement,emo135,1
datasets/emo135_images/image_emo_0220.png,affection,emo135,0
/Users/yaseenshaikh/Desktop/IEEE Research/datasets/ck_images/ck_image_900.png,surprise,ck+,10
/Users/yaseenshaikh/Desktop/IEEE Research/datasets/ck_images/ck_image_830.png,fear,ck+,6
/Users/yaseenshaikh/Desktop/IEEE Research/datasets/ck_images/ck_image_757.png,disgust,ck+,5
datasets/emo135_images/image_emo_0221.png,affection,emo135,0
datasets/emo135_images/image_emo_0222.png,contentment,emo135,4
/Users/yaseenshaikh/Desktop/IEEE Research/datasets/ck_images/ck_image_803.png,sadness,ck+,9
datasets/emo135_images/image_emo_0223.png,amazement,emo135,1
/Users/yaseenshaikh/Desktop/IEEE Research/datasets/ck_images/ck_image_683.png,anger,ck+,2
/Users/yaseenshaikh/Desktop/IEEE Research/datasets/ck_images/ck_image_609.png,happiness,ck+,8
/Users/yaseenshaikh/Desktop/IEEE Research/datasets/ck_images/ck_image_707.png,anger,ck+,2
/Users/yaseenshaikh/Desktop/IEEE Research/datasets/ck_images/ck_image_899.png,surprise,ck+,10
/Users/yaseenshaikh/Desktop/IEEE Research/datasets/ck_images/ck_image_833.png,fear,ck+,6
datasets/emo135_images/image_emo_0224.png,contentment,emo135,4
datasets/emo135_images/image_emo_0225.png,frustration,emo135,7
datasets/emo135_images/image_emo_0226.png,worry,emo135,11
datasets/emo135_images/image_emo_0227.png,amazement,emo135,1
/Users/yaseenshaikh/Desktop/IEEE Research/datasets/ck_images/ck_image_907.png,surprise,ck+,10
datasets/emo135_images/image_emo_0228.png,affection,emo135,0
datasets/emo135_images/image_emo_0229.png,frustration,emo135,7
datasets/emo135_images/image_emo_0230.png,amazement,emo135,1
/Users/yaseenshaikh/Desktop/IEEE Research/datasets/ck_images/ck_image_763.png,disgust,ck+,5
/Users/yaseenshaikh/Desktop/IEEE Research/datasets/ck_images/ck_image_637.png,happiness,ck+,8
/Users/yaseenshaikh/Desktop/IEEE Research/datasets/ck_images/ck_image_350.png,contempt,ck+,3
datasets/emo135_images/image_emo_0231.png,worry,emo135,11
datasets/emo135_images/image_emo_0232.png,amazement,emo135,1
/Users/yaseenshaikh/Desktop/IEEE Research/datasets/ck_images/ck_image_659.png,happiness,ck+,8
/Users/yaseenshaikh/Desktop/IEEE Research/datasets/ck_images/ck_image_768.png,disgust,ck+,5
datasets/emo135_images/image_emo_0233.png,frustration,emo135,7
datasets/emo135_images/image_emo_0234.png,affection,emo135,0
datasets/emo135_images/image_emo_0235.png,affection,emo135,0
/Users/yaseenshaikh/Desktop/IEEE Research/datasets/ck_images/ck_image_772.png,disgust,ck+,5
/Users/yaseenshaikh/Desktop/IEEE Research/datasets/ck_images/ck_image_188.png,contempt,ck+,3
datasets/emo135_images/image_emo_0236.png,contentment,emo135,4
datasets/emo135_images/image_emo_0237.png,amazement,emo135,1
/Users/yaseenshaikh/Desktop/IEEE Research/datasets/ck_images/ck_image_641.png,happiness,ck+,8
/Users/yaseenshaikh/Desktop/IEEE Research/datasets/ck_images/ck_image_132.png,contempt,ck+,3
datasets/emo135_images/image_emo_0238.png,amazement,emo135,1
/Users/yaseenshaikh/Desktop/IEEE Research/datasets/ck_images/ck_image_771.png,disgust,ck+,5
/Users/yaseenshaikh/Desktop/IEEE Research/datasets/ck_images/ck_image_656.png,happiness,ck+,8
datasets/emo135_images/image_emo_0239.png,contentment,emo135,4
datasets/emo135_images/image_emo_0240.png,contentment,emo135,4
/Users/yaseenshaikh/Desktop/IEEE Research/datasets/ck_images/ck_image_626.png,happiness,ck+,8
/Users/yaseenshaikh/Desktop/IEEE Research/datasets/ck_images/ck_image_368.png,contempt,ck+,3
datasets/emo135_images/image_emo_0241.png,frustration,emo135,7
/Users/yaseenshaikh/Desktop/IEEE Research/datasets/ck_images/ck_image_78.png,contempt,ck+,3
/Users/yaseenshaikh/Desktop/IEEE Research/datasets/ck_images/ck_image_60.png,contempt,ck+,3
datasets/emo135_images/image_emo_0242.png,frustration,emo135,7
/Users/yaseenshaikh/Desktop/IEEE Research/datasets/ck_images/ck_image_594.png,happiness,ck+,8
/Users/yaseenshaikh/Desktop/IEEE Research/datasets/ck_images/ck_image_605.png,happiness,ck+,8
/Users/yaseenshaikh/Desktop/IEEE Research/datasets/ck_images/ck_image_719.png,anger,ck+,2
datasets/emo135_images/image_emo_0243.png,worry,emo135,11
datasets/emo135_images/image_emo_0244.png,affection,emo135,0
datasets/emo135_images/image_emo_0245.png,frustration,emo135,7
/Users/yaseenshaikh/Desktop/IEEE Research/datasets/ck_images/ck_image_874.png,surprise,ck+,10
datasets/emo135_images/image_emo_0246.png,amazement,emo135,1
/Users/yaseenshaikh/Desktop/IEEE Research/datasets/ck_images/ck_image_82.png,contempt,ck+,3
/Users/yaseenshaikh/Desktop/IEEE Research/datasets/ck_images/ck_image_617.png,happiness,ck+,8
datasets/emo135_images/image_emo_0247.png,worry,emo135,11
/Users/yaseenshaikh/Desktop/IEEE Research/datasets/ck_images/ck_image_429.png,contempt,ck+,3
datasets/emo135_images/image_emo_0248.png,affection,emo135,0
/Users/yaseenshaikh/Desktop/IEEE Research/datasets/ck_images/ck_image_818.png,fear,ck+,6
datasets/emo135_images/image_emo_0249.png,contentment,emo135,4
datasets/emo135_images/image_emo_0250.png,contentment,emo135,4
/Users/yaseenshaikh/Desktop/IEEE Research/datasets/ck_images/ck_image_390.png,contempt,ck+,3
datasets/emo135_images/image_emo_0251.png,amazement,emo135,1
/Users/yaseenshaikh/Desktop/IEEE Research/datasets/ck_images/ck_image_620.png,happiness,ck+,8
/Users/yaseenshaikh/Desktop/IEEE Research/datasets/ck_images/ck_image_802.png,sadness,ck+,9
datasets/emo135_images/image_emo_0252.png,worry,emo135,11
/Users/yaseenshaikh/Desktop/IEEE Research/datasets/ck_images/ck_image_302.png,contempt,ck+,3
datasets/emo135_images/image_emo_0253.png,contentment,emo135,4
datasets/emo135_images/image_emo_0254.png,worry,emo135,11
datasets/emo135_images/image_emo_0255.png,worry,emo135,11
datasets/emo135_images/image_emo_0256.png,contentment,emo135,4
/Users/yaseenshaikh/Desktop/IEEE Research/datasets/ck_images/ck_image_875.png,surprise,ck+,10
/Users/yaseenshaikh/Desktop/IEEE Research/datasets/ck_images/ck_image_647.png,happiness,ck+,8
datasets/emo135_images/image_emo_0257.png,frustration,emo135,7
/Users/yaseenshaikh/Desktop/IEEE Research/datasets/ck_images/ck_image_797.png,sadness,ck+,9
datasets/emo135_images/image_emo_0258.png,affection,emo135,0
/Users/yaseenshaikh/Desktop/IEEE Research/datasets/ck_images/ck_image_788.png,sadness,ck+,9
/Users/yaseenshaikh/Desktop/IEEE Research/datasets/ck_images/ck_image_853.png,surprise,ck+,10
/Users/yaseenshaikh/Desktop/IEEE Research/datasets/ck_images/ck_image_76.png,contempt,ck+,3
/Users/yaseenshaikh/Desktop/IEEE Research/datasets/ck_images/ck_image_884.png,surprise,ck+,10
/Users/yaseenshaikh/Desktop/IEEE Research/datasets/ck_images/ck_image_902.png,surprise,ck+,10
datasets/emo135_images/image_emo_0259.png,affection,emo135,0
datasets/emo135_images/image_emo_0260.png,amazement,emo135,1
/Users/yaseenshaikh/Desktop/IEEE Research/datasets/ck_images/ck_image_618.png,happiness,ck+,8
/Users/yaseenshaikh/Desktop/IEEE Research/datasets/ck_images/ck_image_743.png,disgust,ck+,5
datasets/emo135_images/image_emo_0261.png,worry,emo135,11
datasets/emo135_images/image_emo_0262.png,frustration,emo135,7
/Users/yaseenshaikh/Desktop/IEEE Research/datasets/ck_images/ck_image_503.png,contempt,ck+,3
datasets/emo135_images/image_emo_0263.png,worry,emo135,11
/Users/yaseenshaikh/Desktop/IEEE Research/datasets/ck_images/ck_image_488.png,contempt,ck+,3
datasets/emo135_images/image_emo_0264.png,contentment,emo135,4
/Users/yaseenshaikh/Desktop/IEEE Research/datasets/ck_images/ck_image_606.png,happiness,ck+,8
datasets/emo135_images/image_emo_0265.png,affection,emo135,0
datasets/emo135_images/image_emo_0266.png,contentment,emo135,4
/Users/yaseenshaikh/Desktop/IEEE Research/datasets/ck_images/ck_image_801.png,sadness,ck+,9
/Users/yaseenshaikh/Desktop/IEEE Research/datasets/ck_images/ck_image_882.png,surprise,ck+,10
datasets/emo135_images/image_emo_0267.png,worry,emo135,11
/Users/yaseenshaikh/Desktop/IEEE Research/datasets/ck_images/ck_image_770.png,disgust,ck+,5
/Users/yaseenshaikh/Desktop/IEEE Research/datasets/ck_images/ck_image_344.png,contempt,ck+,3
datasets/emo135_images/image_emo_0268.png,frustration,emo135,7
/Users/yaseenshaikh/Desktop/IEEE Research/datasets/ck_images/ck_image_362.png,contempt,ck+,3
/Users/yaseenshaikh/Desktop/IEEE Research/datasets/ck_images/ck_image_892.png,surprise,ck+,10
datasets/emo135_images/image_emo_0269.png,worry,emo135,11
/Users/yaseenshaikh/Desktop/IEEE Research/datasets/ck_images/ck_image_145.png,contempt,ck+,3
datasets/emo135_images/image_emo_0270.png,affection,emo135,0
/Users/yaseenshaikh/Desktop/IEEE Research/datasets/ck_images/ck_image_858.png,surprise,ck+,10
datasets/emo135_images/image_emo_0271.png,amazement,emo135,1
/Users/yaseenshaikh/Desktop/IEEE Research/datasets/ck_images/ck_image_804.png,sadness,ck+,9
/Users/yaseenshaikh/Desktop/IEEE Research/datasets/ck_images/ck_image_696.png,anger,ck+,2
datasets/emo135_images/image_emo_0272.png,frustration,emo135,7
datasets/emo135_images/image_emo_0273.png,frustration,emo135,7
datasets/emo135_images/image_emo_0274.png,frustration,emo135,7
/Users/yaseenshaikh/Desktop/IEEE Research/datasets/ck_images/ck_image_851.png,surprise,ck+,10
datasets/emo135_images/image_emo_0275.png,worry,emo135,11
/Users/yaseenshaikh/Desktop/IEEE Research/datasets/ck_images/ck_image_698.png,anger,ck+,2
/Users/yaseenshaikh/Desktop/IEEE Research/datasets/ck_images/ck_image_758.png,disgust,ck+,5
/Users/yaseenshaikh/Desktop/IEEE Research/datasets/ck_images/ck_image_650.png,happiness,ck+,8
datasets/emo135_images/image_emo_0276.png,frustration,emo135,7
datasets/emo135_images/image_emo_0277.png,contentment,emo135,4
datasets/emo135_images/image_emo_0278.png,contentment,emo135,4
datasets/emo135_images/image_emo_0279.png,frustration,emo135,7
/Users/yaseenshaikh/Desktop/IEEE Research/datasets/ck_images/ck_image_737.png,disgust,ck+,5
/Users/yaseenshaikh/Desktop/IEEE Research/datasets/ck_images/ck_image_636.png,happiness,ck+,8
datasets/emo135_images/image_emo_0280.png,amazement,emo135,1
/Users/yaseenshaikh/Desktop/IEEE Research/datasets/ck_images/ck_image_695.png,anger,ck+,2
/Users/yaseenshaikh/Desktop/IEEE Research/datasets/ck_images/ck_image_361.png,contempt,ck+,3
/Users/yaseenshaikh/Desktop/IEEE Research/datasets/ck_images/ck_image_794.png,sadness,ck+,9
/Users/yaseenshaikh/Desktop/IEEE Research/datasets/ck_images/ck_image_633.png,happiness,ck+,8
datasets/emo135_images/image_emo_0281.png,worry,emo135,11
datasets/emo135_images/image_emo_0282.png,worry,emo135,11
/Users/yaseenshaikh/Desktop/IEEE Research/datasets/ck_images/ck_image_760.png,disgust,ck+,5
/Users/yaseenshaikh/Desktop/IEEE Research/datasets/ck_images/ck_image_135.png,contempt,ck+,3
datasets/emo135_images/image_emo_0283.png,worry,emo135,11
/Users/yaseenshaikh/Desktop/IEEE Research/datasets/ck_images/ck_image_777.png,disgust,ck+,5
/Users/yaseenshaikh/Desktop/IEEE Research/datasets/ck_images/ck_image_805.png,sadness,ck+,9
datasets/emo135_images/image_emo_0284.png,contentment,emo135,4
datasets/emo135_images/image_emo_0285.png,contentment,emo135,4
datasets/emo135_images/image_emo_0286.png,contentment,emo135,4
datasets/emo135_images/image_emo_0287.png,contentment,emo135,4
datasets/emo135_images/image_emo_0288.png,amazement,emo135,1
datasets/emo135_images/image_emo_0289.png,amazement,emo135,1
datasets/emo135_images/image_emo_0290.png,worry,emo135,11
/Users/yaseenshaikh/Desktop/IEEE Research/datasets/ck_images/ck_image_30.png,contempt,ck+,3
datasets/emo135_images/image_emo_0291.png,worry,emo135,11
/Users/yaseenshaikh/Desktop/IEEE Research/datasets/ck_images/ck_image_761.png,disgust,ck+,5
datasets/emo135_images/image_emo_0292.png,contentment,emo135,4
/Users/yaseenshaikh/Desktop/IEEE Research/datasets/ck_images/ck_image_752.png,disgust,ck+,5
/Users/yaseenshaikh/Desktop/IEEE Research/datasets/ck_images/ck_image_722.png,anger,ck+,2
datasets/emo135_images/image_emo_0293.png,amazement,emo135,1
/Users/yaseenshaikh/Desktop/IEEE Research/datasets/ck_images/ck_image_424.png,contempt,ck+,3
datasets/emo135_images/image_emo_0294.png,worry,emo135,11
datasets/emo135_images/image_emo_0295.png,frustration,emo135,7
datasets/emo135_images/image_emo_0296.png,amazement,emo135,1
datasets/emo135_images/image_emo_0297.png,contentment,emo135,4
datasets/emo135_images/image_emo_0298.png,affection,emo135,0
/Users/yaseenshaikh/Desktop/IEEE Research/datasets/ck_images/ck_image_658.png,happiness,ck+,8
datasets/emo135_images/image_emo_0299.png,amazement,emo135,1
/Users/yaseenshaikh/Desktop/IEEE Research/datasets/ck_images/ck_image_822.png,fear,ck+,6
/Users/yaseenshaikh/Desktop/IEEE Research/datasets/ck_images/ck_image_685.png,anger,ck+,2
datasets/emo135_images/image_emo_0300.png,frustration,emo135,7
datasets/emo135_images/image_emo_0301.png,affection,emo135,0
datasets/emo135_images/image_emo_0302.png,worry,emo135,11
/Users/yaseenshaikh/Desktop/IEEE Research/datasets/ck_images/ck_image_881.png,surprise,ck+,10
/Users/yaseenshaikh/Desktop/IEEE Research/datasets/ck_images/ck_image_615.png,happiness,ck+,8
/Users/yaseenshaikh/Desktop/IEEE Research/datasets/ck_images/ck_image_702.png,anger,ck+,2
datasets/emo135_images/image_emo_0303.png,worry,emo135,11
/Users/yaseenshaikh/Desktop/IEEE Research/datasets/ck_images/ck_image_913.png,surprise,ck+,10
datasets/emo135_images/image_emo_0304.png,affection,emo135,0
datasets/emo135_images/image_emo_0305.png,worry,emo135,11
datasets/emo135_images/image_emo_0306.png,worry,emo135,11
datasets/emo135_images/image_emo_0307.png,worry,emo135,11
/Users/yaseenshaikh/Desktop/IEEE Research/datasets/ck_images/ck_image_747.png,disgust,ck+,5
datasets/emo135_images/image_emo_0308.png,frustration,emo135,7
datasets/emo135_images/image_emo_0309.png,frustration,emo135,7
datasets/emo135_images/image_emo_0310.png,affection,emo135,0
datasets/emo135_images/image_emo_0311.png,worry,emo135,11
datasets/emo135_images/image_emo_0312.png,frustration,emo135,7
datasets/emo135_images/image_emo_0313.png,amazement,emo135,1
datasets/emo135_images/image_emo_0314.png,worry,emo135,11
/Users/yaseenshaikh/Desktop/IEEE Research/datasets/ck_images/ck_image_729.png,disgust,ck+,5
datasets/emo135_images/image_emo_0315.png,worry,emo135,11
/Users/yaseenshaikh/Desktop/IEEE Research/datasets/ck_images/ck_image_750.png,disgust,ck+,5
datasets/emo135_images/image_emo_0316.png,contentment,emo135,4
datasets/emo135_images/image_emo_0317.png,contentment,emo135,4
datasets/emo135_images/image_emo_0318.png,contentment,emo135,4
/Users/yaseenshaikh/Desktop/IEEE Research/datasets/ck_images/ck_image_585.png,contempt,ck+,3
/Users/yaseenshaikh/Desktop/IEEE Research/datasets/ck_images/ck_image_826.png,fear,ck+,6
datasets/emo135_images/image_emo_0319.png,contentment,emo135,4
/Users/yaseenshaikh/Desktop/IEEE Research/datasets/ck_images/ck_image_90.png,contempt,ck+,3
datasets/emo135_images/image_emo_0320.png,affection,emo135,0
datasets/emo135_images/image_emo_0321.png,affection,emo135,0
datasets/emo135_images/image_emo_0322.png,amazement,emo135,1
/Users/yaseenshaikh/Desktop/IEEE Research/datasets/ck_images/ck_image_81.png,contempt,ck+,3
/Users/yaseenshaikh/Desktop/IEEE Research/datasets/ck_images/ck_image_101.png,contempt,ck+,3
/Users/yaseenshaikh/Desktop/IEEE Research/datasets/ck_images/ck_image_782.png,disgust,ck+,5
/Users/yaseenshaikh/Desktop/IEEE Research/datasets/ck_images/ck_image_911.png,surprise,ck+,10
datasets/emo135_images/image_emo_0323.png,worry,emo135,11
/Users/yaseenshaikh/Desktop/IEEE Research/datasets/ck_images/ck_image_835.png,fear,ck+,6
datasets/emo135_images/image_emo_0324.png,frustration,emo135,7
datasets/emo135_images/image_emo_0325.png,contentment,emo135,4
/Users/yaseenshaikh/Desktop/IEEE Research/datasets/ck_images/ck_image_688.png,anger,ck+,2
datasets/emo135_images/image_emo_0326.png,frustration,emo135,7
/Users/yaseenshaikh/Desktop/IEEE Research/datasets/ck_images/ck_image_690.png,anger,ck+,2
datasets/emo135_images/image_emo_0327.png,affection,emo135,0
/Users/yaseenshaikh/Desktop/IEEE Research/datasets/ck_images/ck_image_600.png,happiness,ck+,8
/Users/yaseenshaikh/Desktop/IEEE Research/datasets/ck_images/ck_image_796.png,sadness,ck+,9
datasets/emo135_images/image_emo_0328.png,contentment,emo135,4
datasets/emo135_images/image_emo_0329.png,amazement,emo135,1
datasets/emo135_images/image_emo_0330.png,contentment,emo135,4
datasets/emo135_images/image_emo_0331.png,worry,emo135,11
datasets/emo135_images/image_emo_0332.png,contentment,emo135,4
/Users/yaseenshaikh/Desktop/IEEE Research/datasets/ck_images/ck_image_631.png,happiness,ck+,8
datasets/emo135_images/image_emo_0333.png,contentment,emo135,4
/Users/yaseenshaikh/Desktop/IEEE Research/datasets/ck_images/ck_image_644.png,happiness,ck+,8
/Users/yaseenshaikh/Desktop/IEEE Research/datasets/ck_images/ck_image_778.png,disgust,ck+,5
datasets/emo135_images/image_emo_0334.png,frustration,emo135,7
datasets/emo135_images/image_emo_0335.png,frustration,emo135,7
datasets/emo135_images/image_emo_0336.png,amazement,emo135,1
datasets/emo135_images/image_emo_0337.png,frustration,emo135,7
datasets/emo135_images/image_emo_0338.png,affection,emo135,0
/Users/yaseenshaikh/Desktop/IEEE Research/datasets/ck_images/ck_image_759.png,disgust,ck+,5
/Users/yaseenshaikh/Desktop/IEEE Research/datasets/ck_images/ck_image_730.png,disgust,ck+,5
datasets/emo135_images/image_emo_0339.png,contentment,emo135,4
datasets/emo135_images/image_emo_0340.png,worry,emo135,11
datasets/emo135_images/image_emo_0341.png,contentment,emo135,4
/Users/yaseenshaikh/Desktop/IEEE Research/datasets/ck_images/ck_image_842.png,surprise,ck+,10
datasets/emo135_images/image_emo_0342.png,affection,emo135,0
/Users/yaseenshaikh/Desktop/IEEE Research/datasets/ck_images/ck_image_790.png,sadness,ck+,9
/Users/yaseenshaikh/Desktop/IEEE Research/datasets/ck_images/ck_image_746.png,disgust,ck+,5
/Users/yaseenshaikh/Desktop/IEEE Research/datasets/ck_images/ck_image_228.png,contempt,ck+,3
datasets/emo135_images/image_emo_0343.png,frustration,emo135,7
datasets/emo135_images/image_emo_0344.png,amazement,emo135,1
/Users/yaseenshaikh/Desktop/IEEE Research/datasets/ck_images/ck_image_517.png,contempt,ck+,3
datasets/emo135_images/image_emo_0345.png,worry,emo135,11
/Users/yaseenshaikh/Desktop/IEEE Research/datasets/ck_images/ck_image_745.png,disgust,ck+,5
datasets/emo135_images/image_emo_0346.png,contentment,emo135,4
/Users/yaseenshaikh/Desktop/IEEE Research/datasets/ck_images/ck_image_651.png,happiness,ck+,8
/Users/yaseenshaikh/Desktop/IEEE Research/datasets/ck_images/ck_image_616.png,happiness,ck+,8
/Users/yaseenshaikh/Desktop/IEEE Research/datasets/ck_images/ck_image_839.png,surprise,ck+,10
/Users/yaseenshaikh/Desktop/IEEE Research/datasets/ck_images/ck_image_234.png,contempt,ck+,3
/Users/yaseenshaikh/Desktop/IEEE Research/datasets/ck_images/ck_image_754.png,disgust,ck+,5
/Users/yaseenshaikh/Desktop/IEEE Research/datasets/ck_images/ck_image_776.png,disgust,ck+,5
datasets/emo135_images/image_emo_0347.png,affection,emo135,0
/Users/yaseenshaikh/Desktop/IEEE Research/datasets/ck_images/ck_image_628.png,happiness,ck+,8
datasets/emo135_images/image_emo_0348.png,affection,emo135,0
datasets/emo135_images/image_emo_0349.png,frustration,emo135,7
/Users/yaseenshaikh/Desktop/IEEE Research/datasets/ck_images/ck_image_452.png,contempt,ck+,3
datasets/emo135_images/image_emo_0350.png,contentment,emo135,4
/Users/yaseenshaikh/Desktop/IEEE Research/datasets/ck_images/ck_image_914.png,surprise,ck+,10
datasets/emo135_images/image_emo_0351.png,frustration,emo135,7
datasets/emo135_images/image_emo_0352.png,worry,emo135,11
datasets/emo135_images/image_emo_0353.png,worry,emo135,11
/Users/yaseenshaikh/Desktop/IEEE Research/datasets/ck_images/ck_image_832.png,fear,ck+,6
datasets/emo135_images/image_emo_0354.png,contentment,emo135,4
datasets/emo135_images/image_emo_0355.png,worry,emo135,11
datasets/emo135_images/image_emo_0356.png,contentment,emo135,4
datasets/emo135_images/image_emo_0357.png,worry,emo135,11
datasets/emo135_images/image_emo_0358.png,contentment,emo135,4
datasets/emo135_images/image_emo_0359.png,frustration,emo135,7
datasets/emo135_images/image_emo_0360.png,worry,emo135,11
/Users/yaseenshaikh/Desktop/IEEE Research/datasets/ck_images/ck_image_916.png,surprise,ck+,10
datasets/emo135_images/image_emo_0361.png,worry,emo135,11
datasets/emo135_images/image_emo_0362.png,amazement,emo135,1
/Users/yaseenshaikh/Desktop/IEEE Research/datasets/ck_images/ck_image_601.png,happiness,ck+,8
datasets/emo135_images/image_emo_0363.png,frustration,emo135,7
datasets/emo135_images/image_emo_0364.png,affection,emo135,0
datasets/emo135_images/image_emo_0365.png,affection,emo135,0
/Users/yaseenshaikh/Desktop/IEEE Research/datasets/ck_images/ck_image_530.png,contempt,ck+,3
datasets/emo135_images/image_emo_0366.png,contentment,emo135,4
/Users/yaseenshaikh/Desktop/IEEE Research/datasets/ck_images/ck_image_597.png,happiness,ck+,8
datasets/emo135_images/image_emo_0367.png,frustration,emo135,7
datasets/emo135_images/image_emo_0368.png,amazement,emo135,1
datasets/emo135_images/image_emo_0369.png,contentment,emo135,4
/Users/yaseenshaikh/Desktop/IEEE Research/datasets/ck_images/ck_image_873.png,surprise,ck+,10
datasets/emo135_images/image_emo_0370.png,worry,emo135,11
datasets/emo135_images/image_emo_0371.png,frustration,emo135,7
/Users/yaseenshaikh/Desktop/IEEE Research/datasets/ck_images/ck_image_646.png,happiness,ck+,8
datasets/emo135_images/image_emo_0372.png,frustration,emo135,7
datasets/emo135_images/image_emo_0373.png,contentment,emo135,4
/Users/yaseenshaikh/Desktop/IEEE Research/datasets/ck_images/ck_image_808.png,sadness,ck+,9
datasets/emo135_images/image_emo_0374.png,contentment,emo135,4
datasets/emo135_images/image_emo_0375.png,affection,emo135,0
datasets/emo135_images/image_emo_0376.png,worry,emo135,11
/Users/yaseenshaikh/Desktop/IEEE Research/datasets/ck_images/ck_image_844.png,surprise,ck+,10
/Users/yaseenshaikh/Desktop/IEEE Research/datasets/ck_images/ck_image_612.png,happiness,ck+,8
datasets/emo135_images/image_emo_0377.png,contentment,emo135,4
datasets/emo135_images/image_emo_0378.png,contentment,emo135,4
/Users/yaseenshaikh/Desktop/IEEE Research/datasets/ck_images/ck_image_625.png,happiness,ck+,8
/Users/yaseenshaikh/Desktop/IEEE Research/datasets/ck_images/ck_image_887.png,surprise,ck+,10
/Users/yaseenshaikh/Desktop/IEEE Research/datasets/ck_images/ck_image_861.png,surprise,ck+,10
/Users/yaseenshaikh/Desktop/IEEE Research/datasets/ck_images/ck_image_819.png,fear,ck+,6
datasets/emo135_images/image_emo_0379.png,worry,emo135,11
datasets/emo135_images/image_emo_0380.png,frustration,emo135,7
datasets/emo135_images/image_emo_0381.png,affection,emo135,0
/Users/yaseenshaikh/Desktop/IEEE Research/datasets/ck_images/ck_image_898.png,surprise,ck+,10
datasets/emo135_images/image_emo_0382.png,affection,emo135,0
datasets/emo135_images/image_emo_0383.png,contentment,emo135,4
datasets/emo135_images/image_emo_0384.png,worry,emo135,11
datasets/emo135_images/image_emo_0385.png,worry,emo135,11
datasets/emo135_images/image_emo_0386.png,worry,emo135,11
datasets/emo135_images/image_emo_0387.png,contentment,emo135,4
datasets/emo135_images/image_emo_0388.png,frustration,emo135,7
datasets/emo135_images/image_emo_0389.png,contentment,emo135,4
datasets/emo135_images/image_emo_0390.png,frustration,emo135,7
datasets/emo135_images/image_emo_0391.png,amazement,emo135,1
datasets/emo135_images/image_emo_0392.png,worry,emo135,11
datasets/emo135_images/image_emo_0393.png,amazement,emo135,1
/Users/yaseenshaikh/Desktop/IEEE Research/datasets/ck_images/ck_image_463.png,contempt,ck+,3
/Users/yaseenshaikh/Desktop/IEEE Research/datasets/ck_images/ck_image_598.png,happiness,ck+,8
datasets/emo135_images/image_emo_0394.png,contentment,emo135,4
/Users/yaseenshaikh/Desktop/IEEE Research/datasets/ck_images/ck_image_733.png,disgust,ck+,5
datasets/emo135_images/image_emo_0395.png,amazement,emo135,1
/Users/yaseenshaikh/Desktop/IEEE Research/datasets/ck_images/ck_image_716.png,anger,ck+,2
datasets/emo135_images/image_emo_0396.png,amazement,emo135,1
/Users/yaseenshaikh/Desktop/IEEE Research/datasets/ck_images/ck_image_734.png,disgust,ck+,5
datasets/emo135_images/image_emo_0397.png,contentment,emo135,4
datasets/emo135_images/image_emo_0398.png,worry,emo135,11
datasets/emo135_images/image_emo_0399.png,frustration,emo135,7
datasets/emo135_images/image_emo_0400.png,worry,emo135,11
datasets/emo135_images/image_emo_0401.png,frustration,emo135,7
/Users/yaseenshaikh/Desktop/IEEE Research/datasets/ck_images/ck_image_63.png,contempt,ck+,3
datasets/emo135_images/image_emo_0402.png,amazement,emo135,1
/Users/yaseenshaikh/Desktop/IEEE Research/datasets/ck_images/ck_image_602.png,happiness,ck+,8
datasets/emo135_images/image_emo_0403.png,frustration,emo135,7
datasets/emo135_images/image_emo_0404.png,amazement,emo135,1
datasets/emo135_images/image_emo_0405.png,contentment,emo135,4
datasets/emo135_images/image_emo_0406.png,amazement,emo135,1
datasets/emo135_images/image_emo_0407.png,frustration,emo135,7
/Users/yaseenshaikh/Desktop/IEEE Research/datasets/ck_images/ck_image_812.png,fear,ck+,6
/Users/yaseenshaikh/Desktop/IEEE Research/datasets/ck_images/ck_image_896.png,surprise,ck+,10
/Users/yaseenshaikh/Desktop/IEEE Research/datasets/ck_images/ck_image_838.png,surprise,ck+,10
datasets/emo135_images/image_emo_0408.png,worry,emo135,11
/Users/yaseenshaikh/Desktop/IEEE Research/datasets/ck_images/ck_image_815.png,fear,ck+,6
/Users/yaseenshaikh/Desktop/IEEE Research/datasets/ck_images/ck_image_715.png,anger,ck+,2
datasets/emo135_images/image_emo_0409.png,contentment,emo135,4
datasets/emo135_images/image_emo_0410.png,worry,emo135,11
datasets/emo135_images/image_emo_0411.png,contentment,emo135,4
datasets/emo135_images/image_emo_0412.png,frustration,emo135,7
datasets/emo135_images/image_emo_0413.png,amazement,emo135,1
datasets/emo135_images/image_emo_0414.png,frustration,emo135,7
datasets/emo135_images/image_emo_0415.png,contentment,emo135,4
/Users/yaseenshaikh/Desktop/IEEE Research/datasets/ck_images/ck_image_163.png,contempt,ck+,3
datasets/emo135_images/image_emo_0416.png,frustration,emo135,7
datasets/emo135_images/image_emo_0417.png,amazement,emo135,1
/Users/yaseenshaikh/Desktop/IEEE Research/datasets/ck_images/ck_image_908.png,surprise,ck+,10
datasets/emo135_images/image_emo_0418.png,affection,emo135,0
/Users/yaseenshaikh/Desktop/IEEE Research/datasets/ck_images/ck_image_227.png,contempt,ck+,3
/Users/yaseenshaikh/Desktop/IEEE Research/datasets/ck_images/ck_image_682.png,anger,ck+,2
/Users/yaseenshaikh/Desktop/IEEE Research/datasets/ck_images/ck_image_739.png,disgust,ck+,5
/Users/yaseenshaikh/Desktop/IEEE Research/datasets/ck_images/ck_image_329.png,contempt,ck+,3
/Users/yaseenshaikh/Desktop/IEEE Research/datasets/ck_images/ck_image_691.png,anger,ck+,2
datasets/emo135_images/image_emo_0419.png,frustration,emo135,7
/Users/yaseenshaikh/Desktop/IEEE Research/datasets/ck_images/ck_image_593.png,happiness,ck+,8
datasets/emo135_images/image_emo_0420.png,affection,emo135,0
datasets/emo135_images/image_emo_0421.png,frustration,emo135,7
/Users/yaseenshaikh/Desktop/IEEE Research/datasets/ck_images/ck_image_918.png,surprise,ck+,10
/Users/yaseenshaikh/Desktop/IEEE Research/datasets/ck_images/ck_image_657.png,happiness,ck+,8
datasets/emo135_images/image_emo_0422.png,affection,emo135,0
datasets/emo135_images/image_emo_0423.png,contentment,emo135,4
/Users/yaseenshaikh/Desktop/IEEE Research/datasets/ck_images/ck_image_915.png,surprise,ck+,10
datasets/emo135_images/image_emo_0424.png,amazement,emo135,1
datasets/emo135_images/image_emo_0425.png,affection,emo135,0
/Users/yaseenshaikh/Desktop/IEEE Research/datasets/ck_images/ck_image_277.png,contempt,ck+,3
/Users/yaseenshaikh/Desktop/IEEE Research/datasets/ck_images/ck_image_563.png,contempt,ck+,3
datasets/emo135_images/image_emo_0426.png,affection,emo135,0
datasets/emo135_images/image_emo_0427.png,contentment,emo135,4
/Users/yaseenshaikh/Desktop/IEEE Research/datasets/ck_images/ck_image_280.png,contempt,ck+,3
datasets/emo135_images/image_emo_0428.png,worry,emo135,11
datasets/emo135_images/image_emo_0429.png,amazement,emo135,1
/Users/yaseenshaikh/Desktop/IEEE Research/datasets/ck_images/ck_image_55.png,contempt,ck+,3
/Users/yaseenshaikh/Desktop/IEEE Research/datasets/ck_images/ck_image_697.png,anger,ck+,2
/Users/yaseenshaikh/Desktop/IEEE Research/datasets/ck_images/ck_image_728.png,disgust,ck+,5
/Users/yaseenshaikh/Desktop/IEEE Research/datasets/ck_images/ck_image_700.png,anger,ck+,2
datasets/emo135_images/image_emo_0430.png,affection,emo135,0
/Users/yaseenshaikh/Desktop/IEEE Research/datasets/ck_images/ck_image_852.png,surprise,ck+,10
/Users/yaseenshaikh/Desktop/IEEE Research/datasets/ck_images/ck_image_727.png,disgust,ck+,5
datasets/emo135_images/image_emo_0431.png,frustration,emo135,7
/Users/yaseenshaikh/Desktop/IEEE Research/datasets/ck_images/ck_image_827.png,fear,ck+,6
datasets/emo135_images/image_emo_0432.png,frustration,emo135,7
/Users/yaseenshaikh/Desktop/IEEE Research/datasets/ck_images/ck_image_550.png,contempt,ck+,3
/Users/yaseenshaikh/Desktop/IEEE Research/datasets/ck_images/ck_image_870.png,surprise,ck+,10
datasets/emo135_images/image_emo_0433.png,frustration,emo135,7
datasets/emo135_images/image_emo_0434.png,frustration,emo135,7
datasets/emo135_images/image_emo_0435.png,frustration,emo135,7
/Users/yaseenshaikh/Desktop/IEEE Research/datasets/ck_images/ck_image_653.png,happiness,ck+,8
datasets/emo135_images/image_emo_0436.png,contentment,emo135,4
/Users/yaseenshaikh/Desktop/IEEE Research/datasets/ck_images/ck_image_635.png,happiness,ck+,8
datasets/emo135_images/image_emo_0437.png,frustration,emo135,7
datasets/emo135_images/image_emo_0438.png,affection,emo135,0
datasets/emo135_images/image_emo_0439.png,affection,emo135,0
datasets/emo135_images/image_emo_0440.png,worry,emo135,11
/Users/yaseenshaikh/Desktop/IEEE Research/datasets/ck_images/ck_image_599.png,happiness,ck+,8
/Users/yaseenshaikh/Desktop/IEEE Research/datasets/ck_images/ck_image_753.png,disgust,ck+,5
/Users/yaseenshaikh/Desktop/IEEE Research/datasets/ck_images/ck_image_731.png,disgust,ck+,5
datasets/emo135_images/image_emo_0441.png,amazement,emo135,1
datasets/emo135_images/image_emo_0442.png,frustration,emo135,7
/Users/yaseenshaikh/Desktop/IEEE Research/datasets/ck_images/ck_image_860.png,surprise,ck+,10
datasets/emo135_images/image_emo_0443.png,contentment,emo135,4
datasets/emo135_images/image_emo_0444.png,affection,emo135,0
datasets/emo135_images/image_emo_0445.png,worry,emo135,11
datasets/emo135_images/image_emo_0446.png,frustration,emo135,7
/Users/yaseenshaikh/Desktop/IEEE Research/datasets/ck_images/ck_image_532.png,contempt,ck+,3
datasets/emo135_images/image_emo_0447.png,amazement,emo135,1
/Users/yaseenshaikh/Desktop/IEEE Research/datasets/ck_images/ck_image_848.png,surprise,ck+,10
/Users/yaseenshaikh/Desktop/IEEE Research/datasets/ck_images/ck_image_705.png,anger,ck+,2
datasets/emo135_images/image_emo_0448.png,worry,emo135,11
datasets/emo135_images/image_emo_0449.png,amazement,emo135,1
/Users/yaseenshaikh/Desktop/IEEE Research/datasets/ck_images/ck_image_589.png,contempt,ck+,3
/Users/yaseenshaikh/Desktop/IEEE Research/datasets/ck_images/ck_image_828.png,fear,ck+,6
/Users/yaseenshaikh/Desktop/IEEE Research/datasets/ck_images/ck_image_703.png,anger,ck+,2
datasets/emo135_images/image_emo_0450.png,frustration,emo135,7
datasets/emo135_images/image_emo_0451.png,affection,emo135,0
datasets/emo135_images/image_emo_0452.png,affection,emo135,0
datasets/emo135_images/image_emo_0453.png,affection,emo135,0
/Users/yaseenshaikh/Desktop/IEEE Research/datasets/ck_images/ck_image_895.png,surprise,ck+,10
/Users/yaseenshaikh/Desktop/IEEE Research/datasets/ck_images/ck_image_545.png,contempt,ck+,3
/Users/yaseenshaikh/Desktop/IEEE Research/datasets/ck_images/ck_image_872.png,surprise,ck+,10
datasets/emo135_images/image_emo_0454.png,amazement,emo135,1
/Users/yaseenshaikh/Desktop/IEEE Research/datasets/ck_images/ck_image_877.png,surprise,ck+,10
datasets/emo135_images/image_emo_0455.png,frustration,emo135,7
/Users/yaseenshaikh/Desktop/IEEE Research/datasets/ck_images/ck_image_652.png,happiness,ck+,8
/Users/yaseenshaikh/Desktop/IEEE Research/datasets/ck_images/ck_image_699.png,anger,ck+,2
/Users/yaseenshaikh/Desktop/IEEE Research/datasets/ck_images/ck_image_787.png,sadness,ck+,9
datasets/emo135_images/image_emo_0456.png,amazement,emo135,1
/Users/yaseenshaikh/Desktop/IEEE Research/datasets/ck_images/ck_image_910.png,surprise,ck+,10
/Users/yaseenshaikh/Desktop/IEEE Research/datasets/ck_images/ck_image_608.png,happiness,ck+,8
/Users/yaseenshaikh/Desktop/IEEE Research/datasets/ck_images/ck_image_775.png,disgust,ck+,5
datasets/emo135_images/image_emo_0457.png,worry,emo135,11
datasets/emo135_images/image_emo_0458.png,worry,emo135,11
datasets/emo135_images/image_emo_0459.png,contentment,emo135,4
datasets/emo135_images/image_emo_0460.png,worry,emo135,11
datasets/emo135_images/image_emo_0461.png,affection,emo135,0
datasets/emo135_images/image_emo_0462.png,worry,emo135,11
datasets/emo135_images/image_emo_0463.png,affection,emo135,0
datasets/emo135_images/image_emo_0464.png,worry,emo135,11
/Users/yaseenshaikh/Desktop/IEEE Research/datasets/ck_images/ck_image_661.png,happiness,ck+,8
datasets/emo135_images/image_emo_0465.png,amazement,emo135,1
datasets/emo135_images/image_emo_0466.png,amazement,emo135,1
datasets/emo135_images/image_emo_0467.png,contentment,emo135,4
/Users/yaseenshaikh/Desktop/IEEE Research/datasets/ck_images/ck_image_764.png,disgust,ck+,5
datasets/emo135_images/image_emo_0468.png,frustration,emo135,7
datasets/emo135_images/image_emo_0469.png,contentment,emo135,4
datasets/emo135_images/image_emo_0470.png,affection,emo135,0
datasets/emo135_images/image_emo_0471.png,contentment,emo135,4
datasets/emo135_images/image_emo_0472.png,amazement,emo135,1
/Users/yaseenshaikh/Desktop/IEEE Research/datasets/ck_images/ck_image_408.png,contempt,ck+,3
datasets/emo135_images/image_emo_0473.png,affection,emo135,0
datasets/emo135_images/image_emo_0474.png,amazement,emo135,1
datasets/emo135_images/image_emo_0475.png,worry,emo135,11
datasets/emo135_images/image_emo_0476.png,frustration,emo135,7
/Users/yaseenshaikh/Desktop/IEEE Research/datasets/ck_images/ck_image_621.png,happiness,ck+,8
/Users/yaseenshaikh/Desktop/IEEE Research/datasets/ck_images/ck_image_711.png,anger,ck+,2
/Users/yaseenshaikh/Desktop/IEEE Research/datasets/ck_images/ck_image_800.png,sadness,ck+,9
datasets/emo135_images/image_emo_0477.png,affection,emo135,0
/Users/yaseenshaikh/Desktop/IEEE Research/datasets/ck_images/ck_image_742.png,disgust,ck+,5
/Users/yaseenshaikh/Desktop/IEEE Research/datasets/ck_images/ck_image_619.png,happiness,ck+,8
/Users/yaseenshaikh/Desktop/IEEE Research/datasets/ck_images/ck_image_748.png,disgust,ck+,5
/Users/yaseenshaikh/Desktop/IEEE Research/datasets/ck_images/ck_image_880.png,surprise,ck+,10
datasets/emo135_images/image_emo_0478.png,frustration,emo135,7
datasets/emo135_images/image_emo_0479.png,affection,emo135,0
datasets/emo135_images/image_emo_0480.png,affection,emo135,0
/Users/yaseenshaikh/Desktop/IEEE Research/datasets/ck_images/ck_image_904.png,surprise,ck+,10
datasets/emo135_images/image_emo_0481.png,frustration,emo135,7
/Users/yaseenshaikh/Desktop/IEEE Research/datasets/ck_images/ck_image_799.png,sadness,ck+,9
datasets/emo135_images/image_emo_0482.png,contentment,emo135,4
/Users/yaseenshaikh/Desktop/IEEE Research/datasets/ck_images/ck_image_11.png,contempt,ck+,3
datasets/emo135_images/image_emo_0483.png,contentment,emo135,4
datasets/emo135_images/image_emo_0484.png,worry,emo135,11
/Users/yaseenshaikh/Desktop/IEEE Research/datasets/ck_images/ck_image_264.png,contempt,ck+,3
/Users/yaseenshaikh/Desktop/IEEE Research/datasets/ck_images/ck_image_843.png,surprise,ck+,10
/Users/yaseenshaikh/Desktop/IEEE Research/datasets/ck_images/ck_image_86.png,contempt,ck+,3
datasets/emo135_images/image_emo_0485.png,affection,emo135,0
/Users/yaseenshaikh/Desktop/IEEE Research/datasets/ck_images/ck_image_855.png,surprise,ck+,10
/Users/yaseenshaikh/Desktop/IEEE Research/datasets/ck_images/ck_image_814.png,fear,ck+,6
datasets/emo135_images/image_emo_0486.png,affection,emo135,0
/Users/yaseenshaikh/Desktop/IEEE Research/datasets/ck_images/ck_image_247.png,contempt,ck+,3
datasets/emo135_images/image_emo_0487.png,contentment,emo135,4
/Users/yaseenshaikh/Desktop/IEEE Research/datasets/ck_images/ck_image_717.png,anger,ck+,2
datasets/emo135_images/image_emo_0488.png,contentment,emo135,4
/Users/yaseenshaikh/Desktop/IEEE Research/datasets/ck_images/ck_image_431.png,contempt,ck+,3
/Users/yaseenshaikh/Desktop/IEEE Research/datasets/ck_images/ck_image_231.png,contempt,ck+,3
/Users/yaseenshaikh/Desktop/IEEE Research/datasets/ck_images/ck_image_629.png,happiness,ck+,8
datasets/emo135_images/image_emo_0489.png,worry,emo135,11
datasets/emo135_images/image_emo_0490.png,affection,emo135,0
/Users/yaseenshaikh/Desktop/IEEE Research/datasets/ck_images/ck_image_499.png,contempt,ck+,3
